query,reference_answer
What was the USSR's primary launch vehicle and payload mass range for lunar and planetary missions during the 1960s?,"The USSR's primary launch vehicle for lunar and planetary missions during the 1960s was the Proton-K, and the payload mass range was approximately 5,375 kg to 9,500 kg."
What is the function of the main longitudinal strength member in a seaplane's float?,"The main longitudinal strength member, known as the keel, provides continuous strength along the bottom and center line of a seaplane's float."
"What limited but reliable technology, developed in the 1960s, provided access to the ISS after the Columbia accident?",The Russian Soyuz capsule.
Compare the management styles and priorities of Daniel Goldin and Administrator Truly at NASA.,"Daniel Goldin favored horizontal management structures, short schedules, and low costs, whereas Administrator Truly's approach was not specified. Goldin aimed to reduce risk aversion and outdated methods, whereas Truly's priorities were not mentioned."
Analyze the role of end credits in documenting film production contributors.,"End credits document film production contributors, listing everyone involved, from cast and crew to production and post-production teams, providing a comprehensive record of their contributions."
"Compare the objectives and outcomes of Zond 7 with those of other Zond missions, such as Zond 5 and Zond 6.","Zond 7, 5, and 6 all had circumlunar objectives. Zond 5 and 6 were successful, while Zond 7 failed."
"Which American military aircraft, including the F-14, F-15, F-16, and B-1, benefited from F-111 inlet-engine compatibility research?","The Grumman F-14 Tomcat, McDonnell Douglas F-15 Eagle, General Dynamics F-16 Fighting Falcon, and Rockwell B-1 Lancer."
How do astronomers utilize a Super-Jupiter's cloudy skies and infrared brightness fluctuations to determine its rotation period?,"Astronomers use a Super-Jupiter's cloudy skies and infrared brightness fluctuations to determine its rotation period by observing the rhythmic changes in its brightness, likely due to variegated cloud cover, and estimating the time it takes to complete one rotation."
Compare the technological goals of the X-34 program with those of the DC-X and DC-XA programs.,"The X-34 program aimed to demonstrate low-cost operation, following in the footsteps of the DC-X and DC-XA programs, which broke new ground in low-cost operations with small workforce involvement in processing, launch, and rapid turnaround."
Compare Pratt & Whitney Aircraft's contributions to aircraft engine development with those of General Electric.,"Pratt & Whitney Aircraft contributed to aircraft engine development through the 578-DX demonstrator engine, Advanced Control Technology for Integrated Vehicles (ACTIVE) program, and Advanced Subsonic Technology (AST) program. In contrast, General Electric's contributions include the F101 engine, F404 turbofan, F414 engine, GE36 UDF UHB engine, GE90 engine series, and GEnx turbofan."
"Compare the roles of Arecibo and Goldstone radar observations in studying asteroids, particularly in the case of (66391) 1999 KW4.","Arecibo and Goldstone radar observations played a collaborative role in studying asteroids, particularly in the case of (66391) 1999 KW4, as they jointly revealed the shape of the primary and the presence of the satellite."
What was the purpose of the X-34 RLV concept in terms of space transportation and payload delivery?,"The X-34 RLV concept was designed for space transportation and payload delivery, with a focus on providing a reusable launch vehicle (RLV) capable of carrying payloads to space."
What specific asteroid-related danger did Carl Sagan highlight in his work?,Asteroid deflection.
What evidence supports the claim that the X-34 Program was successful despite its cancellation and numerous challenges?,"There is no evidence in the provided context that supports the claim that the X-34 Program was successful despite its cancellation and numerous challenges. The context primarily discusses the program's challenges, delays, and cancellation, with no mention of its success."
"Considering the rotor's speed stability and fuselage's instability, what longitudinal stability characteristics are exhibited by the helicopter in forward flight?","The helicopter exhibits a pronounced type of instability in forward flight, characterized by a tendency to diverge in pitch, particularly upward pitching, which can lead to loss of control if not corrected promptly."
Analyze the impact of NASA's budget reallocation on international collaborative space projects.,"NASA's budget reallocation led to the cancellation of the Dawn mission, causing suspicion and confusion among international cooperation partners, with some feeling that NASA had not fulfilled its responsibilities to them."
Explore the development of advanced turboprop engines for next-generation aircraft.,"The Advanced Turboprop Project (ATP) was a program that developed advanced turboprop engines for next-generation aircraft, with a focus on improving fuel efficiency and reducing emissions. The program, which ran from 1984 to 1994, resulted in the development of the GE36 UDF UHB engine, a high-bypass-ratio turboprop engine that demonstrated significant improvements in fuel efficiency and noise reduction."
What is the mean diameter of the satellite orbiting the 1.5 km primary asteroid?,About 500 meters.
Investigate the effects of microgravity on mouse skeletal muscle adaptation.,"The effects of microgravity on mouse skeletal muscle adaptation were investigated in the Mouse Drawer System (MDS) mission, as reported in the study ""Adaptation of mouse skeletal muscle to long-term microgravity in the MDS mission"" (PLOS ONE, 2012)."
"What was the total federal outlay in 2004, as reflected in the historical tables of the White House Office of Management and Budget?","The total federal outlay in 2004 was $5,092.000 billion (nominal) and $5,879.908 billion (adjusted to 2010 dollars)."
How do lateral projections like sponsons enhance transverse stability in a seaplane's float or hull?,Lateral projections like sponsons enhance transverse stability in a seaplane's float or hull by increasing the planning area.
"How did NASA Lewis's PSL contribute to the development of engines for aircraft like F-14, F-15, F-16, and B-1?","NASA Lewis's PSL contributed to the development of engines for aircraft like F-14, F-15, F-16, and B-1 through its support of engine development for American aircraft, building on research conducted to solve inlet-engine compatibility problems related to the F-111."
What risks did Carl Sagan highlight in asteroid deflection efforts?,"Carl Sagan highlighted the dangers of asteroid deflection efforts in his article ""Dangers of Asteroid Deflection"" in Nature (1994) and in his book ""Pale Blue Dot"" (pp. 254-255)."
"Considering Percival Lowell's theories and NASA's probe findings, what fuels the ongoing fascination with Mars as a potential habitat for life?","Despite Percival Lowell's theories being disproven and NASA's initial findings suggesting Mars is uninhabitable, the ongoing fascination with Mars as a potential habitat for life is fueled by the hope that signs of life might still be discovered."
"How did the collaboration between the project manager and PI contribute to the Dawn project's success, and what did they learn from each other?","The collaboration between the project manager and PI contributed to the Dawn project's success by enabling them to address mass, power, and budget problems together, harness resources, and proceed in a unified direction, ultimately preventing the mission from being canceled. They learned to respect each other's roles, with the PI knowing when not to interfere in engineering and the project manager honoring science requirements."
Analyze the impact of rotor blade stalling on longitudinal stability in high-speed forward flight.,"Rotor blade stalling in high-speed forward flight intensifies longitudinal instability, causing upward pitching, violent periodic stick forces, and vibration, making it difficult to hold steady conditions."
Analyze the effects of the Space Shuttle program's hiatus on ISS crew capacity and operations.,"The Space Shuttle program's hiatus, resulting from the Columbia accident in 2003, reduced the ISS crew to two members, a skeleton workforce, and limited access to the Station to only the Russian Soyuz capsule, until the Shuttle resumed operations in 2006."
"Identify the six scientific instruments onboard OSIRIS-REx, including camera suites and spectrometers, that facilitate asteroid exploration.","The six scientific instruments onboard OSIRIS-REx are: 

1. Camera Suite (PolyCam, MapCam, SamCam) 
2. Laser Altimeter (OLA) 
3. Visible and IR Spectrometer (OVIRS) 
4. Thermal Emission Spectrometer (OTES) 
5. Regolith X-Ray Imaging Spectrometer (REXIS) 
6. Touch-And-Go Sample Acquisition Mechanism (TAGSAM)"
Analyze the impact of budget constraints on NASA's decision-making process for interplanetary missions.,"Budget constraints significantly impacted NASA's decision-making process for interplanetary missions, as seen in the Dawn mission's cancellation and subsequent reinstatement. The cost of the mission was high, with $284 million already spent, and unresolved technical and management issues threatened to increase it further. This led to the cancellation, with rumors of funds being diverted to other projects, such as the space shuttle and space station."
"How did the collaborative efforts of the project manager and PI mitigate the mass, power, and budget problems threatening the mission?","They worked together as a team, harnessing their resources to proceed in a unified direction, addressing the problems quickly and keeping the mission from being canceled."
"How do space cardiology research and technologies, such as Ecosan-2007, benefit Earth's healthcare practices?","Space cardiology research and technologies, such as Ecosan-2007, benefit Earth's healthcare practices by providing new technologies for early detection of health deviations, evaluating body's functional reserves, determining stress on regulatory systems, and assessing disease risk."
Explore the application of space-derived cardiovascular monitoring technologies in predicting and preventing motor vehicle accidents.,"Space-derived cardiovascular monitoring technologies, such as the Ecosan-2007, have been used to examine motor vehicle drivers and detect early health issues, with a study showing that over 30% of bus drivers were in prenosological and premorbid states, increasing the risk of motor vehicle accidents."
"Compare the OSIRIS-REx mission's goals and instruments to those of New Horizons and Juno, highlighting their similarities and differences.","OSIRIS-REx, New Horizons, and Juno are all part of NASA's New Frontiers Program, but they have distinct goals and instruments. OSIRIS-REx aims to collect a sample from asteroid 101955 Bennu and return it to Earth, focusing on planetary formation and asteroid threats. Its instruments include a camera suite, laser altimeter, spectrometers, and a sample acquisition mechanism. In contrast, New Horizons flew by Pluto and the Kuiper Belt, studying their geology and composition, with instruments like a camera, spectrometer, and radio science experiment. Juno, orbiting Jupiter, investigates the planet's atmosphere and magnetic field, using instruments such as a microwave radiometer, infrared spectrometer, and magnetometer. While all three missions explore our solar system, their objectives and tools differ significantly."
What is the source of NSF budget data according to the White House Office of Management and Budget historical tables?,The White House Office of Management and Budget historical tables.
Investigate the effects of microgravity on plant growth and gene expression in space-based experiments.,"Mazars, Christian, et al. ""Microsome-associated proteome modifications of Arabidopsis seedlings grown on board the International Space Station reveal the possible effect on plants of space stresses other than microgravity."" Plant Signaling & Behavior, 9.9 (2014): e29637. Investigation: Genara-A."
"Compare the number and categories of proposed experiments to those selected for the X-34 program, and what was the budget for these experiments?","27 proposals were submitted, categorized into 4 areas: TPS (18), GN&C (3), P/APU (3), and SI (3). 7 experiments were selected, with a budget of $2 million ($3 million in 2016)."
"What atmospheric features of 2M1207b, a young, hot, and cloudy Super-Jupiter, allowed astronomers to measure its rotation rate?",Variegated cloud cover of bright and dark patches.
Investigate the possibility of microbial life in Mars' subsurface environments.,Not mentioned in the provided context.
What is the total number of sections listed on this page?,3
"What changes did the Bush administration, led by Vice President Dan Quayle, implement at NASA through Daniel Goldin's appointment?","The Bush administration implemented changes at NASA through Daniel Goldin's appointment, including the introduction of horizontal management structures, short-schedule, low-cost space technology demonstration projects, and a shift towards a culture less averse to risk and willing to abandon outdated methods and thinking."
